videoId,title,channelTitle,viewCount,publishedAt,liveBroadcastContent,LikeCount,DislikeCount,CommentCount,Duration,Definition,Caption,LicensedContent,ContentRating,RegionRestriction,subscriberCount
uTr-ZaJF0U0,D√©gustation de boissons naturelles (que c‚Äôest bon de retrouver le Squeezos),Mcfly et Carlito,2320347,2025-05-22T15:30:47Z,none,139606,0,2941,PT46M55S,hd,false,True,{},{},7530000
VFvDwn2r5RI,Marine - Coeur maladroit (Clip officiel),MarineVEVO,233828,2025-05-23T10:00:06Z,none,15969,0,1160,PT2M42S,hd,false,True,{},"{'allowed': ['AD', 'AE', 'AF', 'AG', 'AI', 'AL', 'AM', 'AO', 'AQ', 'AR', 'AS', 'AT', 'AU', 'AW', 'AX', 'AZ', 'BA', 'BB', 'BD', 'BE', 'BF', 'BG', 'BH', 'BI', 'BJ', 'BL', 'BM', 'BN', 'BO', 'BQ', 'BR', 'BS', 'BT', 'BV', 'BW', 'BY', 'BZ', 'CA', 'CC', 'CD', 'CF', 'CG', 'CH', 'CI', 'CK', 'CL', 'CM', 'CN', 'CO', 'CR', 'CU', 'CV', 'CW', 'CX', 'CY', 'CZ', 'DE', 'DJ', 'DK', 'DM', 'DO', 'DZ', 'EC', 'EE', 'EG', 'EH', 'ER', 'ES', 'ET', 'FI', 'FJ', 'FK', 'FM', 'FO', 'FR', 'GA', 'GB', 'GD', 'GE', 'GF', 'GG', 'GH', 'GI', 'GL', 'GM', 'GN', 'GP', 'GQ', 'GR', 'GS', 'GT', 'GU', 'GW', 'GY', 'HK', 'HM', 'HN', 'HR', 'HT', 'HU', 'ID', 'IE', 'IL', 'IM', 'IN', 'IO', 'IQ', 'IR', 'IS', 'IT', 'JE', 'JM', 'JO', 'JP', 'KE', 'KG', 'KH', 'KI', 'KM', 'KN', 'KP', 'KR', 'KW', 'KY', 'KZ', 'LA', 'LB', 'LC', 'LI', 'LK', 'LR', 'LS', 'LT', 'LU', 'LV', 'LY', 'MA', 'MC', 'MD', 'ME', 'MF', 'MG', 'MH', 'MK', 'ML', 'MM', 'MN', 'MO', 'MP', 'MQ', 'MR', 'MS', 'MT', 'MU', 'MV', 'MW', 'MX', 'MY', 'MZ', 'NA', 'NC', 'NE', 'NF', 'NG', 'NI', 'NL', 'NO', 'NP', 'NR', 'NU', 'NZ', 'OM', 'PA', 'PE', 'PF', 'PG', 'PH', 'PK', 'PL', 'PM', 'PN', 'PR', 'PS', 'PT', 'PW', 'PY', 'QA', 'RE', 'RO', 'RS', 'RW', 'SA', 'SB', 'SC', 'SD', 'SE', 'SG', 'SH', 'SI', 'SJ', 'SK', 'SL', 'SM', 'SN', 'SO', 'SR', 'SS', 'ST', 'SV', 'SX', 'SY', 'SZ', 'TC', 'TD', 'TF', 'TG', 'TH', 'TJ', 'TK', 'TL', 'TM', 'TN', 'TO', 'TR', 'TT', 'TV', 'TW', 'TZ', 'UA', 'UG', 'UM', 'US', 'UY', 'UZ', 'VA', 'VC', 'VE', 'VG', 'VI', 'VN', 'VU', 'WF', 'WS', 'YE', 'YT', 'ZA', 'ZM', 'ZW']}",173
OQsuvRNHSJI,"Une soir√©e pour tenter de finir ce jeu HARDCORE ! ""12 MINUTES "" Ft. Byilhan",Inoxtag,475225,2025-05-23T00:36:29Z,none,19294,0,173,PT5H1M58S,hd,false,True,{},{},9040000
gie8aSWurgo,LACRIM - CHERNGTALAY / ACT 7,Lacrim,519922,2025-05-22T16:00:30Z,none,20784,0,1308,PT3M26S,hd,false,False,{},{'blocked': ['RU']},4730000
vF7lioO_uG8,APPELLE TA COPINE,GIMS - Topic,122592,2025-05-22T10:10:21Z,none,7768,0,351,PT3M1S,hd,false,True,{},{},238000
3TGWBrc7FEw,Landy - Cantona (Clip Officiel),Landy,243672,2025-05-22T16:00:01Z,none,7555,0,261,PT2M51S,hd,false,True,{},{},787000
z0mzllgT9CE,7 jours pour d√©masquer l‚Äôimposteur,Hunter Gaming,157692,2025-05-22T19:00:49Z,none,11481,0,433,PT15M44S,hd,false,True,{},{},302000
SRceFF-h4vg,Djadja & Dinaz - En vrai de vrai [Clip Officiel],Djadja & Dinaz,1594965,2025-05-21T16:00:03Z,none,16026,0,1070,PT3M51S,hd,true,True,{},{},2570000
SwAyTCOgmsY,PROMO INFLU √Ä BALI - S3 Ep 1,Promo Influ,182546,2025-05-21T21:05:06Z,none,3685,0,173,PT43M8S,hd,false,True,{},{},41600
tkXOI621myg,Je R√âNOVE SEUL mon MICRO-TRACTEUR !,Baptiste Pitois,72584,2025-05-22T16:01:26Z,none,5658,0,208,PT41M34S,hd,false,True,{},{},302000
6SHLjOKFVXA,BLACKPINK WORLD TOUR [DEADLINE],BLACKPINK,754764,2025-05-23T11:00:01Z,none,140037,0,8833,PT30S,hd,false,True,{},{},96600000
6_c98jzjKu0,"On r√©agit √† des reportages avec @LenaSituations ! (Mode, selfie et pub) | DERUSH #4",Elise Lucet,277252,2025-05-21T18:00:11Z,none,14681,0,341,PT51M39S,hd,false,True,{},{},167000
tPxWuA6FUwI,ON CR√âE UNE ORGANISATION AVEC HCTUAN #3 (Crazytown saison 3),Mastu +,180401,2025-05-21T14:47:56Z,none,8375,0,302,PT4H27M18S,hd,false,True,{},{},239000
6L0s_0RqMNg,Mes chantiers immobiliers 1 an apr√®s (gal√®re‚Ä¶),Lulu ronce de noyer,242417,2025-05-21T17:00:11Z,none,10129,0,480,PT59M34S,hd,false,True,{},{},479000
hfnsS0sHh3U,SWAP D'ANNIVERSAIRE ! (20 ANS),Tamburini's,237668,2025-05-21T14:31:00Z,none,13405,0,183,PT32M9S,hd,false,True,{},{},1190000
SB69blyX46c,Benson Boone - Momma Song (Official Music Video),Benson Boone,1442819,2025-05-22T22:00:07Z,none,77512,0,5850,PT3M31S,hd,false,True,{},{},4840000
PT_P2OrA6bE,üü© ADRIEN RABIOT : ¬´¬†Les Marseillais sont fiers de moi !¬†¬ª,CARR√â,48352,2025-05-22T16:00:39Z,none,1658,0,205,PT11M4S,hd,false,True,{},{},91000
ZhCINr3OFKw,OMG J'obtiens la voiture la plus CHERE de la CONCESSION sur FORZA HORIZON 5 !! (10+ Super tirages),Mafiastunting,86964,2025-05-22T16:26:57Z,none,6724,0,176,PT21M6S,hd,false,True,{},{},2300000
UflueAmIikI,24H AVEC NOUS : travaux + grand m√©nage de printemps + BIG CONCOURS MAKEUP,Domi & Yani,202875,2025-05-21T15:18:22Z,none,10269,0,3551,PT39M27S,hd,false,True,{},{},1270000
9NOHVSjBbSE,DES NOUVEAUX HABITANTS √Ä CRAZYTOWN !! #2 (Crazytown Saison 3),Mastu +,294951,2025-05-20T17:08:01Z,none,12296,0,323,PT4H38M15S,hd,false,True,{},{},239000
MSUNLUKeKUM,Nissan GT-R R34 : Dommage qu'elle soit si connue,Sylvain Lyve,786435,2025-05-22T16:15:02Z,none,68175,0,2333,PT23M27S,hd,false,True,{},{},1680000
PotflHXQ-1Y,JCC¬†Pok√©mon¬†Pocket : Crise¬†Interdimensionnelle | Disponible le 29¬†mai,La cha√Æne officielle Pok√©mon en fran√ßais,26838,2025-05-22T13:07:12Z,none,0,0,178,PT49S,hd,false,True,{},{},489000
SlhV9ZMIPe0,Je me qualifie au monde de Duathlon ? - Grand Prix Willgottheim,Syblo - Baptiste Cartieaux,35595,2025-05-22T13:30:22Z,none,2452,0,70,PT28M28S,hd,false,True,{},{},72100
iILb6QbmdK4,J28 : La PIRE humiliation de TOUTE ma carri√®re... | QDF#164,Val Lienard,201695,2025-05-21T16:30:18Z,none,7777,0,455,PT34M32S,hd,false,True,{},{},501000
YUSbKQO674w,Ultron: A New Age Begins | Character Reveal | Marvel Rivals,Marvel Rivals,1893828,2025-05-22T17:00:43Z,none,102749,0,6942,PT1M7S,hd,false,False,{},{},650000
_QL4pp2ZmG8,Women's Cruise 2026 Show I LOUIS VUITTON,Louis Vuitton,1197011,2025-05-22T19:43:04Z,none,6746,0,283,PT12M53S,hd,false,False,{},{},5420000
mtHsBV9Lbdg,Nouveau RECORD DU MONDE ü§Øüí• Honda Hornet 1000 | HORS S√âRIE,Moto Journal,45985,2025-05-22T15:01:17Z,none,2440,0,187,PT16M35S,hd,false,True,{},{},497000
CHJdau1hQ7c,On juge des TRICHEURS !,CYRILstudio,161642,2025-05-22T16:00:18Z,none,8805,0,211,PT21M3S,hd,false,True,{},{},1030000
_iwSm_bg7nA,DOC OVG 667 x Sa√Øf - Fum√©e noire,Mangemort Squad,70046,2025-05-21T16:00:24Z,none,5722,0,359,PT3M25S,hd,false,False,{},{},604000
bVk4i_PYxug,2‚Ç¨ dans la ville la moins ch√®re d'Afrique !,CYRILmp4,885543,2025-05-20T16:00:52Z,none,35296,0,906,PT22M36S,hd,false,True,{},{},5150000
p5LrBA_YYwI,"Le pire duo va en prison #5 (ft Djilsi, Maxime Biaggi, Gotaga)",SQUEEZIE,5811470,2025-05-18T16:37:07Z,none,314893,0,3003,PT49M54S,hd,false,True,{},{},19500000
AKrOH_lFJjM,MASTU FAIT UN NOUVEAU VILLAGE !! #1 (Crazytown saison 3),Mastu +,765469,2025-05-19T15:18:12Z,none,32461,0,745,PT5H9M5S,hd,false,True,{},{},239000
4PxWGCnI_zw,"R√©sum√© : PACERS @ KNICKS, Sc√©nario de DINGUE pour commencer la S√âRIE !",NBA Extra - beIN SPORTS France,147320,2025-05-22T06:23:53Z,none,3665,0,206,PT15M,hd,false,True,{},"{'allowed': ['BL', 'FR', 'GF', 'GP', 'MF', 'MQ', 'NC', 'PF', 'PM', 'RE', 'TF', 'WF', 'YT']}",246000
gGcRBIwzcKA,HOT ONES : Thomas Ngijol devient aveugle,Studio Bagel,1293385,2025-05-19T15:30:31Z,none,39501,0,955,PT35M,hd,false,True,{},{},3820000
0uzDToD0jHY,LE D√âRAILLEMENT DU TGV QUI A CHOQU√â LA FRANCE (Eckwersheim),Neoxi,300627,2025-05-20T16:30:01Z,none,14946,0,367,PT27M2S,hd,false,True,{},{},2050000
xqJurrQKNdE,"Falling In Reverse - ""God Is A Weapon""",Epitaph Records,2663047,2025-05-20T14:00:16Z,none,165405,0,9832,PT3M36S,hd,true,True,{},{},3740000
vJJ7Yt-uqJE,YoungBoy Never Broke Again - Finest  [Official Music Video],YoungBoy Never Broke Again,2602070,2025-05-21T23:48:39Z,none,203395,0,21190,PT3M29S,hd,false,False,{},"{'blocked': ['BY', 'RU']}",14300000
R9pQ-bMkuJQ,Le r√©sum√© de Tottenham Hotspur / Manchester United - Ligue Europa 2024/25 (Finale),CANAL+ Sport,504459,2025-05-21T21:23:04Z,none,9103,0,545,PT8M26S,hd,false,True,{},"{'allowed': ['AD', 'BL', 'FR', 'GF', 'GP', 'MC', 'MF', 'MQ', 'NC', 'PF', 'PM', 'RE', 'WF', 'YT']}",1670000
pjtY-es384M,Le WEB est MORT (GOOGLE vient de le tuer),Numerama,76129,2025-05-21T12:35:36Z,none,3630,0,579,PT9M30S,hd,false,True,{},{},173000
Ku5aj50iFYs,‚è±Ô∏è Poulet et l√©gumes au four - Rapide et Facile,Philippe Etchebest,62371,2025-05-21T15:00:39Z,none,3056,0,132,PT6M16S,hd,false,True,{},{},1850000
_3PtXq4mA_M,Jurassic World : Renaissance - Bande Annonce Officielle - VF - Au cin√©ma le 4 Juillet 2025,Universal Pictures France,248463,2025-05-20T12:01:07Z,none,1442,0,212,PT2M35S,hd,false,True,{},{},580000
lynRByn6RY0,Zootopie 2 - Premi√®re bande-annonce | Disney,Disney FR,161397,2025-05-20T16:14:44Z,none,7501,0,0,PT1M33S,hd,false,True,{},{},5560000
0rzCW23Vhz0,Les dangers de la greffe de cheveux !?,Dr Nozman,467139,2025-05-20T16:00:00Z,none,22391,0,1189,PT15M29S,hd,false,True,{},{},4860000
GOQ_qb0SgYw,SASUKE avait RAISON - NARUTOLOGIE #6,LeChefOtaku,139361,2025-05-20T16:00:32Z,none,9485,0,870,PT36M6S,hd,false,True,{},{},1040000
isSF2qEO9tc,Zed - Sauron (Visualizer),Zed,101008,2025-05-20T15:00:15Z,none,6984,0,192,PT2M27S,hd,false,True,{},{},82700
dL39mX1krA8,QUI PEUT OBTENIR 100% DES VOTES ?,JOYCA,2467749,2025-05-18T11:02:25Z,none,152314,0,4048,PT40M44S,hd,false,True,{},{},6620000
BDznnkJLzkY,La MEILLEURE EQUIPE pour SPEEDRUN chaque jeu üïì,Pok√©mon Trash,119143,2025-05-20T15:52:01Z,none,5784,0,161,PT22M35S,hd,false,True,{},{},1130000
JvPK5rlpT2w,TOTTENHAM HOTSPUR WIN THE EUROPA LEAGUE! | Post match scenes and trophy lift uncut,Tottenham Hotspur,1332253,2025-05-22T00:39:14Z,none,50524,0,2965,PT8M7S,hd,false,True,{},{},3960000
5wF-XZLHynU,How We Make Our Deadly Traps,MrBeast 2,10407617,2025-05-20T16:00:01Z,none,374466,0,4756,PT16M35S,hd,true,True,{},{},50100000
KlqvKWAMVYs,Bonjour BB pour toi ce message ‚ù§Ô∏è Une nouvelle journ√©e √† t‚Äôaimer ! Je t‚Äôaimeüíì,Mon Message d'Amour ,130023,2025-05-20T04:00:33Z,none,793,0,75,PT21S,hd,false,True,{},{},31000
F9Au0nXEH5E,PALME D'OR D'HONNEUR - Denzel Washington - VO - Cannes 2025,Festival de Cannes,186326,2025-05-20T09:09:13Z,none,3438,0,0,PT6M51S,hd,false,False,{},{},199000
_Z5NkURnkHg,Highlights! | Kevin De Bruyne's final Etihad fixture | Man City 3-1 Bournemouth,Man City,2125300,2025-05-20T23:00:39Z,none,39990,0,1045,PT2M16S,hd,false,True,{},{},8450000
tiPWzFLiz4A,Rene√© Rapp - Leave Me Alone (Official Music Video),Rene√© Rapp,460387,2025-05-21T16:00:59Z,none,40611,0,2478,PT2M41S,hd,true,False,{},"{'blocked': ['BY', 'RU']}",352000
CKL04xrszW0,L'Iceberg de la triche du JEU VIDEO,BeHop,219741,2025-05-19T16:50:41Z,none,12172,0,902,PT32M58S,hd,false,True,{},{},88800
7cdgdinfNnI,On r√©agit au Met Gala car nous sommes des experts de la mode,Mcfly et Carlito,838368,2025-05-20T15:23:43Z,none,43080,0,1250,PT28M21S,hd,false,True,{},{},7530000
YDK201jxuYU,Pourquoi Apple n'abandonne pas le Vision Pro ?,Nowtech,63109,2025-05-20T15:01:02Z,none,2808,0,245,PT21M23S,hd,false,True,{},{},423000
K8dUB1AcbpU,1‚Ç¨ le produit makeup : le full face entier (et c‚Äôest pas gagn√© üòÖ) | BYS MAQUILLAGE,Ayo Coralie,48673,2025-05-20T08:00:32Z,none,3730,0,136,PT33M58S,hd,false,True,{},{},459000
vbiopIYgDMQ,J‚Äôai achet√© tous les objets cens√©s changer ta vie ü§î,Amixem,2362653,2025-05-18T15:25:00Z,none,119010,0,1060,PT21M26S,hd,false,True,{},{},8970000
RGJoXtX77xY,"Pop-up, drama & b√©b√© n¬∞3 ? Je r√©ponds √† tout.",gaelle garcia diaz,442535,2025-05-19T16:09:59Z,none,21331,0,368,PT25M57S,hd,false,True,{},{},2040000
40wMvHlQWK8,"√ânorme Match de Foot entre 6 YOUTUBEURS vs 6 RAPPEURS ! (ft. Byilhan, Raska, Alonzo, Kerchak ‚Ä¶)",Michou,1335975,2025-05-18T09:15:00Z,none,55431,0,2414,PT42M46S,hd,false,True,{},{},10400000
bDVpI23q8Zg,Google I/O 2025 keynote in 32 minutes,The Verge,973318,2025-05-20T22:13:53Z,none,14130,0,1052,PT32M23S,hd,false,True,{},{},3430000
nF2yhqNsOz4,Ziak - Maudit Land (Prod. Seezy),Ziak C.C,357494,2025-05-19T15:00:01Z,none,11042,0,912,PT1M52S,hd,false,False,{},"{'blocked': ['BY', 'RU']}",950000
GQmgFexWBsk,La Chine est en train d‚Äôacheter l‚ÄôAfrique ?,Yvan Casta,200697,2025-05-19T16:13:55Z,none,13337,0,1051,PT22M20S,hd,false,True,{},{},275000
bFs-MULkyME,Motion Warning Sends Stranger Running | RingTV,Ring,148961,2025-05-15T18:30:41Z,none,390,0,35,PT11S,hd,true,False,{},{},532000
jTX1sE3SyTc,Je suis trop grand pour faire le GP Explorer ?!,AminematueLive,432165,2025-05-18T16:01:32Z,none,19409,0,2701,PT51M9S,hd,false,True,{},{},659000
exCmT150S5I,J'AURAIS JAMAIS DU RETOURNER SUR MINECRAFT !!,Nino MssClick,570878,2025-05-18T17:10:29Z,none,32666,0,3159,PT43M16S,hd,false,True,{},{},1030000
hAONx6nuEgI,i-dle (ÏïÑÏù¥Îì§) 'Good Thing' Official Music Video,i-dle (ÏïÑÏù¥Îì§),24116594,2025-05-19T09:00:02Z,none,273381,0,18882,PT2M56S,hd,true,False,{},{},9240000
5nG_bPCAw68,Les 30 gagnants r√©cup√®rent leurs BOLIDES !,thierry vigneau Boiserie,973339,2025-05-18T10:00:15Z,none,52797,0,3769,PT57M25S,hd,false,True,{},{},1860000
NeLDSbDVxLw,Nos invit√©s analysent les propos d'Emmanuel Macron sur Gaza - En Soci√©t√© du 18 mai 2025,En Soci√©t√© - France T√©l√©visions,82035,2025-05-19T16:00:06Z,none,1364,0,485,PT7M2S,hd,false,True,{},{},58700
gwIrdkVNXMQ,"Episode 317 : 24h sans manger (je vais pas bien, je vais manger Pamela)",Noholito,373573,2025-05-18T14:00:58Z,none,24341,0,1017,PT25M15S,hd,false,True,{},{},2060000
S3qkdr2fitU,"Trump claque la porte, Poutine peut en profiter, explications",HugoD√©crypte - Actus du jour,536172,2025-05-20T18:00:33Z,none,11785,0,1138,PT10M56S,hd,false,True,{},{},3360000
D_lDiv98LE0,C‚Äôest la derni√®re fois - GP Explorer 3,Maghla,352419,2025-05-18T16:00:16Z,none,23725,0,316,PT23M1S,hd,false,True,{},{},1180000
JM2bkC8cJNw,Louane - maman LIVE Eurovision France | Finale 17 mai 2025,Eurovision France,587564,2025-05-17T21:20:17Z,none,5773,0,1050,PT3M5S,hd,true,True,{},"{'allowed': ['AD', 'BL', 'FR', 'GP', 'GY', 'MC', 'MF', 'MQ', 'NC', 'PF', 'PM', 'RE', 'TF', 'WF', 'YT']}",116000
onOex2WXjbA,JJ ‚Äì Wasted Love (LIVE) | Austria üá¶üáπ | Grand Final | Winner of Eurovision 2025,Eurovision Song Contest,8138302,2025-05-17T20:38:36Z,none,119651,0,13320,PT3M9S,hd,false,True,{},{'blocked': ['US']},7180000
DdeOsDM1euU,QUI VEUT √âPOUSER DANIELLE ?,Studio Danielle,301470,2025-05-18T14:00:20Z,none,17101,0,984,PT36M30S,hd,false,True,{},{},1640000
2r7Yr9EFDuc,Comment DIRE STRAITS ont battu tous les records.,Florent Garcia,66296,2025-05-19T15:00:05Z,none,3140,0,319,PT11M39S,hd,false,True,{},{},257000
Iat1l39Ey20,Des Chefs Cuisiniers jugent et refont TOUTE la Carte de la Kazdalerie (avec Jo√´l et Arthur Perticoz),ZACK,464709,2025-05-18T17:00:31Z,none,13912,0,507,PT28M,hd,false,True,{},{},857000
kbsAcHRxfqI,"Antoine juge VOS setups #4, vous √™tes des FOUS !",Antoine Daniel - Clips,172605,2025-05-19T04:30:33Z,none,5944,0,203,PT16M54S,hd,false,True,{},{},45400
hKwizc5nsWY,Ariana Grande - supernatural (Official Music Video),ArianaGrandeVevo,2633345,2025-05-19T14:01:10Z,none,187960,0,9481,PT2M47S,hd,true,True,{},"{'allowed': ['AD', 'AE', 'AF', 'AG', 'AI', 'AL', 'AM', 'AO', 'AQ', 'AR', 'AS', 'AT', 'AU', 'AW', 'AX', 'AZ', 'BA', 'BB', 'BD', 'BE', 'BF', 'BG', 'BH', 'BI', 'BJ', 'BL', 'BM', 'BN', 'BO', 'BQ', 'BR', 'BS', 'BT', 'BV', 'BW', 'BZ', 'CA', 'CC', 'CD', 'CF', 'CG', 'CH', 'CI', 'CK', 'CL', 'CM', 'CN', 'CO', 'CR', 'CU', 'CV', 'CW', 'CX', 'CY', 'CZ', 'DE', 'DJ', 'DK', 'DM', 'DO', 'DZ', 'EC', 'EE', 'EG', 'EH', 'ER', 'ES', 'ET', 'FI', 'FJ', 'FK', 'FM', 'FO', 'FR', 'GA', 'GB', 'GD', 'GE', 'GF', 'GG', 'GH', 'GI', 'GL', 'GM', 'GN', 'GP', 'GQ', 'GR', 'GS', 'GT', 'GU', 'GW', 'GY', 'HK', 'HM', 'HN', 'HR', 'HT', 'HU', 'ID', 'IE', 'IL', 'IM', 'IN', 'IQ', 'IR', 'IS', 'IT', 'JE', 'JM', 'JO', 'JP', 'KE', 'KG', 'KH', 'KI', 'KM', 'KN', 'KR', 'KW', 'KY', 'KZ', 'LA', 'LB', 'LC', 'LI', 'LK', 'LR', 'LS', 'LT', 'LU', 'LV', 'LY', 'MA', 'MC', 'MD', 'ME', 'MF', 'MG', 'MH', 'MK', 'ML', 'MM', 'MN', 'MO', 'MP', 'MQ', 'MR', 'MS', 'MT', 'MU', 'MV', 'MW', 'MX', 'MY', 'MZ', 'NA', 'NC', 'NE', 'NF', 'NG', 'NI', 'NL', 'NO', 'NP', 'NR', 'NU', 'NZ', 'OM', 'PA', 'PE', 'PF', 'PG', 'PH', 'PK', 'PL', 'PM', 'PN', 'PR', 'PS', 'PT', 'PW', 'PY', 'QA', 'RE', 'RO', 'RS', 'RW', 'SA', 'SB', 'SC', 'SD', 'SE', 'SG', 'SH', 'SI', 'SJ', 'SK', 'SL', 'SM', 'SN', 'SO', 'SR', 'ST', 'SV', 'SX', 'SY', 'SZ', 'TC', 'TD', 'TF', 'TG', 'TH', 'TJ', 'TK', 'TL', 'TM', 'TN', 'TO', 'TR', 'TT', 'TV', 'TW', 'TZ', 'UA', 'UG', 'UM', 'US', 'UY', 'UZ', 'VA', 'VC', 'VE', 'VG', 'VI', 'VN', 'VU', 'WF', 'WS', 'YE', 'YT', 'ZA', 'ZM', 'ZW']}",17500000
K9-2fGBhhbw,JE PARTICIPE AU GP EXPLORER 3 üèéÔ∏è (Avec Th√©odort),Mastu,1250755,2025-05-17T09:02:00Z,none,91660,0,1004,PT31M50S,hd,false,True,{},{},6590000
SsuHEn-zRqU,Une journ√©e pour meubler enti√®rement un appartement (ft Elian),Djilsi,1124803,2025-05-17T08:59:00Z,none,60979,0,524,PT58M21S,hd,false,True,{},{},1970000
fXOYnP-5Tro,24H MENOTT√â √Ä MA COPINE ET MA MEILLEURE AMIE ! (Au Japon üáØüáµ),Sora,284867,2025-05-18T09:17:31Z,none,22943,0,740,PT36M32S,hd,false,True,{},{},2690000
96F5_3F0GOM,7 jours pour devenir une star de cin√©ma,Maxime Biaggi,467102,2025-05-19T19:06:32Z,none,30099,0,239,PT21M26S,hd,false,True,{},{},704000
5bZSkkUHgQg,En vrai de vrai,Djadja & Dinaz - Topic,371061,2025-05-17T16:03:19Z,none,10100,0,328,PT3M39S,hd,false,True,{},{},11000
FvtoTtKm0gE,De retour pour vous jouer un mauvais tour  - GP Explorer 3 üòé,Maxime Biaggi,765881,2025-05-17T18:00:23Z,none,47796,0,444,PT33M15S,hd,false,True,{},{},704000
0laTJmAhafw,LE VRAI LEWIS HAMILTON EST DE RETOUR ?! - DEBRIEF IMOLA 2025,IDREAU ,110610,2025-05-19T15:00:47Z,none,7230,0,585,PT22M53S,hd,false,True,{},{},296000
5UwqsfocsAE,3 Jours pour traverser une chaine de montagne √† ski ! (C'√©tait chaud...),Inoxtag 2.0,648079,2025-05-17T12:30:07Z,none,36524,0,582,PT24M36S,hd,false,True,{},{},2910000
ZJht_1hasVo,J‚ÄôAI ACHETE LES OBJETS TIKTOKS TENDANCES ! (et on les teste),MichouOff,1067467,2025-05-17T09:15:03Z,none,40518,0,858,PT23M43S,hd,false,True,{},{},5370000
ebUixP8eMEw,Jannik Sinner vs Carlos Alcaraz For The Title! üèÜ | Rome 2025 Final Highlights,Tennis TV,1678293,2025-05-18T17:49:35Z,none,25434,0,3399,PT8M19S,hd,false,True,{},{},1810000
TT5Y1EL3cyQ,GIRO D‚ÄôITALIA 2025 - Van Aert MONSTRUEUX s‚Äôimpose au terme d‚Äôune √©tape FOLLE ! Del Toro en rose,Eurosport France,248659,2025-05-18T15:36:17Z,none,3630,0,288,PT14M21S,hd,true,True,{},"{'allowed': ['AD', 'AF', 'AL', 'AM', 'AS', 'AT', 'AU', 'AZ', 'BA', 'BD', 'BE', 'BG', 'BL', 'BN', 'BT', 'BY', 'CH', 'CK', 'CY', 'CZ', 'DE', 'DK', 'DZ', 'EE', 'EG', 'ES', 'FI', 'FJ', 'FM', 'FR', 'GB', 'GE', 'GF', 'GP', 'GR', 'GU', 'HK', 'HR', 'HU', 'ID', 'IE', 'IL', 'IN', 'IS', 'IT', 'JO', 'KG', 'KH', 'KI', 'KP', 'KR', 'KZ', 'LA', 'LB', 'LI', 'LK', 'LT', 'LU', 'LV', 'LY', 'MA', 'MC', 'MD', 'ME', 'MF', 'MH', 'MK', 'MM', 'MN', 'MO', 'MP', 'MQ', 'MT', 'MV', 'MY', 'NC', 'NL', 'NO', 'NP', 'NR', 'NU', 'PF', 'PG', 'PH', 'PK', 'PL', 'PN', 'PT', 'PW', 'RE', 'RO', 'RS', 'RU', 'SB', 'SE', 'SG', 'SI', 'SK', 'SM', 'SY', 'TH', 'TJ', 'TM', 'TN', 'TO', 'TR', 'TV', 'TW', 'UA', 'UZ', 'VA', 'VN', 'VU']}",295000
5gI1nEkt3NI,Le chaos total du tout premier Battle Royale,Kombo,460272,2025-05-17T12:00:19Z,none,33471,0,1103,PT20M11S,hd,false,True,{},{},688000
bZm_Pl1VvxI,J'emm√®ne des Japonais üáØüáµ tester le buffet n¬∞1 de France üá´üá∑: les Grands Buffets de Narbonne,Louis-San,493122,2025-05-17T10:00:56Z,none,20296,0,814,PT36M5S,hd,false,True,{},{},1490000
wMtlTkCHqD0,R√©sum√© : Mbapp√© D√âLIVRE le Real √† S√©ville d'un BOMBAZO,beIN SPORTS France,811620,2025-05-18T19:19:24Z,none,12401,0,1025,PT15M5S,hd,false,True,{},"{'allowed': ['BL', 'FR', 'GF', 'GP', 'MF', 'MQ', 'NC', 'PF', 'PM', 'RE', 'TF', 'WF', 'YT']}",2600000
AFINg_jJrD8,"R√©sum√© : Fermin TEAM JUL, Yamal √âTINCELANT, mais une D√âFAITE pour le Bar√ßa",beIN SPORTS France,417738,2025-05-18T19:22:11Z,none,7273,0,528,PT16M15S,hd,false,True,{},"{'allowed': ['BL', 'FR', 'GF', 'GP', 'MF', 'MQ', 'NC', 'PF', 'PM', 'RE', 'TF', 'WF', 'YT']}",2600000
wfU-xqFKhoM,Mort du rappeur Werenoi √† 31 ans : le plus grand vendeur d'albums en 2023 et 2024 ‚Ä¢ FRANCE 24,FRANCE 24,630155,2025-05-17T15:29:18Z,none,12416,0,1360,PT5M36S,hd,false,True,{},{},7790000
prd-oyaxhCs,Aya Nakamura & Jo√© Dw√®t Fil√© - Baddies (Clip officiel),Aya Nakamura,2931872,2025-05-15T16:01:20Z,none,118482,0,4729,PT3M37S,hd,true,True,{},"{'blocked': ['BY', 'RU']}",7920000
9CJw05q8yhI,Pluie et gr√™le ont ravag√© les cultures d'ail rose de Lautrec,France 3 Occitanie,45878,2025-05-20T16:45:00Z,none,0,0,0,PT1M51S,hd,false,True,{},{},150000
9tWN9X502RQ,J'ai Test√© 100 Ans De Jouets Pour Enfant !,Hugopos√©,875216,2025-05-16T16:03:01Z,none,19391,0,470,PT25M56S,hd,false,True,{},{},4930000
MMG86N1KriI,Le r√©sum√© du Grand Prix d'Imola 2025 - F1,CANAL+ Sport,481665,2025-05-18T17:01:53Z,none,9886,0,501,PT11M34S,hd,false,True,{},"{'allowed': ['BF', 'BI', 'BJ', 'BL', 'BW', 'CD', 'CF', 'CG', 'CH', 'CI', 'CM', 'DJ', 'FR', 'GA', 'GF', 'GM', 'GN', 'GP', 'HT', 'KM', 'MC', 'MF', 'MG', 'ML', 'MM', 'MQ', 'MR', 'MU', 'MW', 'NC', 'NE', 'PF', 'PM', 'RE', 'RW', 'SC', 'SD', 'SN', 'SS', 'TD', 'TG', 'TZ', 'VN', 'WF', 'YT']}",1670000
jJ1OMeik1lo,R√©sum√© OL - Angers : Le G√©n√©ral Alex Lacazette en patron pour sa derni√®re (2-0),Olympique Lyonnais,162839,2025-05-17T22:49:40Z,none,3397,0,188,PT8M31S,hd,true,True,{},{},235000
Yf0DsunZurE,DJ SNAKE - PARADISE (FT. BIPOLAR SUNSHINE) [LIVE EDIT],DJ Snake,1360115,2025-05-16T16:00:07Z,none,39454,0,1393,PT3M32S,hd,false,False,{},"{'blocked': ['BY', 'RU']}",24700000
x5udGaCPqIg,RETOUR A LA GRANGE AVEC DES PROBLEMES,Stervio,144318,2025-05-17T08:01:09Z,none,11174,0,242,PT31M21S,hd,false,True,{},{},495000
kJSQYLnbuuo,#J34 : le r√©sum√© de FC Nantes - Montpellier HSC (3-0),FC Nantes,55806,2025-05-17T22:44:33Z,none,587,0,54,PT3M36S,hd,false,True,{},{},79000
7Ai7IrxO7Hg,Tayc - Ma Lady (Clip officiel),Tayc,1731828,2025-05-16T16:00:07Z,none,39112,0,1212,PT2M56S,hd,false,True,{},{},2950000
2PPsyj_EcYY,"LYNDA x IMEN ES  ""Piments"" (Clip Officiel)",LYNDA X IMEN ES,283942,2025-05-16T16:00:05Z,none,7542,0,249,PT3M18S,hd,false,False,{},"{'blocked': ['BY', 'RU']}",16700
0a2iD6ZMql8,OM 4-2 Rennes | Le r√©sum√© de la victoire ü´®üî•,OM,600719,2025-05-17T22:02:13Z,none,12704,0,468,PT4M58S,hd,false,True,{},{},778000
URSdocIo1q8,J‚Äôai cod√© une Extension Chrome pour voir si √ßa rapporte,Aywen,113243,2025-05-19T14:52:29Z,none,9245,0,259,PT13M56S,hd,false,True,{},{},164000
OZcrv2WHL2I,ISS X Fresh LaDouille - PAS CARR√â (Clip officiel),ISS,623248,2025-05-15T16:00:24Z,none,13073,0,474,PT2M44S,hd,false,True,{},{},86600
PDL-qQxXoN4,LOCO LOCO,Gambi - Topic,397595,2025-05-15T19:02:03Z,none,16309,0,877,PT1M46S,hd,false,True,{},"{'allowed': ['AE', 'AR', 'AS', 'AT', 'AU', 'AW', 'AZ', 'BA', 'BD', 'BE', 'BG', 'BH', 'BM', 'BO', 'BR', 'CA', 'CH', 'CL', 'CO', 'CR', 'CY', 'CZ', 'DE', 'DK', 'DO', 'DZ', 'EC', 'EE', 'EG', 'ES', 'FI', 'FR', 'GB', 'GE', 'GF', 'GH', 'GP', 'GR', 'GT', 'GU', 'HK', 'HN', 'HR', 'HU', 'ID', 'IE', 'IL', 'IN', 'IQ', 'IS', 'IT', 'JM', 'JO', 'JP', 'KE', 'KH', 'KR', 'KW', 'KY', 'KZ', 'LA', 'LB', 'LI', 'LK', 'LT', 'LU', 'LV', 'LY', 'MA', 'MK', 'MP', 'MQ', 'MT', 'MX', 'MY', 'NC', 'NG', 'NI', 'NL', 'NO', 'NP', 'NZ', 'OM', 'PA', 'PE', 'PF', 'PG', 'PH', 'PK', 'PL', 'PR', 'PT', 'PY', 'QA', 'RE', 'RO', 'RS', 'SA', 'SE', 'SG', 'SI', 'SK', 'SN', 'SV', 'TC', 'TH', 'TN', 'TR', 'TW', 'TZ', 'UA', 'UG', 'US', 'UY', 'VE', 'VI', 'VN', 'YE', 'YT', 'ZA', 'ZW']}",61600
rzq2U8ZREC4,Rapha√´l Quenard : Un premier roman d√©routant - La Grande Librairie,La Grande Librairie - France T√©l√©visions,272103,2025-05-16T16:01:28Z,none,2273,0,310,PT12M25S,hd,false,True,{},{},260000
t9XQb2b_KtE,TWICE 4TH FULL ALBUM INTRO: FOUR,JYP Entertainment,1300232,2025-05-18T15:01:19Z,none,110805,0,8816,PT14S,hd,false,True,{},{},30500000
s74QikY6Dzs,Niaks - MATRIX√â (Clip Officiel),Niaks,621386,2025-05-15T16:01:16Z,none,11572,0,439,PT3M25S,hd,false,True,{},"{'blocked': ['BY', 'RU']}",284000
XoOAm38h3qY,"Kvaratskhelia BRILLE, le PSG RENVERSE Auxerre | 34√®me journ√©e - Ligue 1 McDonald's 24/25",Ligue 1 McDonald‚Äôs,618651,2025-05-18T05:37:21Z,none,10883,0,418,PT5M48S,hd,false,True,{},{},3030000
K8axCx9zcx4,Les ENDROITS les plus CHERS au monde üí∞,Trash,400971,2025-05-16T14:51:15Z,none,15812,0,419,PT15M44S,hd,false,True,{},{},3100000
VNNxhGa3x8I,Je visite le quartier le plus pauvre du Japon,Tev - Ici Japon,332610,2025-05-16T10:01:43Z,none,14806,0,856,PT41M55S,hd,false,True,{},{},1060000
jJ1OSWyIti4,Yam√™ - Insens√© (Official Video),Yam√™,346702,2025-05-16T14:00:03Z,none,16512,0,698,PT2M5S,hd,true,True,{},{},485000
WFp0MPP0K8s,R√©sum√© 34√®me journ√©e | Ligue 1 McDonald's 24/25,Ligue 1 McDonald‚Äôs,370613,2025-05-18T03:14:05Z,none,6622,0,253,PT16M20S,hd,false,True,{},{},3030000
wM--5vGraQQ,LISA - WHEN I'M WITH YOU feat. Tyla (Official Music Video),LLOUD Official,8611766,2025-05-16T13:00:07Z,none,643875,0,37476,PT3M11S,hd,false,False,{},{'blocked': ['RU']},7620000
XZb1dbqali8,Dr. Yaro - Que Pasa ? (Official Lyrics Video),Dr. Yaro,181718,2025-05-15T22:00:36Z,none,6024,0,441,PT2M53S,hd,false,False,{},"{'blocked': ['BY', 'RU']}",925000
wXZAYekSNIU,Mettre des ROUES DE BUS sur une voiture : √áa fait quoi ?,Sylvain Lyve,1728104,2025-05-15T16:15:06Z,none,117914,0,4874,PT30M33S,hd,false,True,{},{},1680000
xPSn888JAFU,Eurovision Song Contest 2025 - Grand Final - Livestream | #Eurovision2025,Eurovision Song Contest,11996384,2025-05-17T23:25:45Z,none,159036,0,6710,PT4H11M46S,hd,false,True,{},"{'blocked': ['AU', 'CL', 'GB', 'GR', 'LT', 'US']}",7180000
o7BcyAd6rqg,ÏßÑ (Jin) 'Don't Say You Love Me' Official MV,HYBE LABELS,12222521,2025-05-16T03:59:07Z,none,1458996,0,128924,PT3M26S,hd,true,True,{},{},77200000
yCO2fqtkr_8,6 SUPER-H√âROS BEAUCOUP trop SOUS-ESTIM√âS ! (ILS SONT CHEAT√âS),Alkor,133772,2025-05-16T15:30:28Z,none,6231,0,259,PT21M49S,hd,false,True,{},{},429000
ArrAfgfgshU,VEN1 - FREESTYLE RETOUR DE FLAMME,VEN1,798781,2025-05-14T16:00:15Z,none,27058,0,1273,PT1M34S,hd,false,True,{},"{'blocked': ['BY', 'RU']}",292000
2Ndra-1Pwug,Shakira & Wyclef Jean - Hips Don't Lie (Live from LMYNL World Tour),Shakira,3261268,2025-05-15T20:51:51Z,none,49048,0,2048,PT4M56S,hd,false,False,{},{},48200000
aIblXBKzhos,Je ne suis pas gu√©rie de mon cancer.,Laurette,158621,2025-05-16T15:00:00Z,none,14027,0,2500,PT16M40S,hd,false,True,{},{},784000
BjrD9isXo44,"130 km/h, sur toutes les routes ? - Suzuki V-Strom 800SE",High Side,277665,2025-05-15T16:00:16Z,none,12426,0,354,PT16M48S,hd,false,True,{},{},600000
iwO_jin6mZk,Le r√©sum√© de Ba√Øssangour Chamsoudinov BAKI / Thiago Lima - ARES 30,CANAL+ Sport,560757,2025-05-16T22:25:32Z,none,9247,0,833,PT12M59S,hd,false,False,{},{},1670000
K9-h61WN0bY,ESCABEAU,Marine LB,179654,2025-05-15T17:00:21Z,none,12155,0,218,PT27M12S,hd,false,True,{},{},866000
jv-laQtaLjE,Let You Fade - Linkin Park,Linkin Park,1624374,2025-05-16T04:01:09Z,none,105928,0,5049,PT3M30S,hd,false,True,{},"{'blocked': ['BY', 'RU']}",23700000
jX7471W_UXI,CECI EST UN KIDNAPPING #312,V√©rino,113552,2025-05-17T09:00:59Z,none,7333,0,128,PT7M19S,hd,true,True,{},{},476000
ObmIy9Fxxx0,CHIEN 51 ‚Äì Teaser Officiel 4K ‚Äì Gilles Lellouche / Ad√®le Exarchopoulos (2025),STUDIOCANAL France,834626,2025-05-16T13:04:10Z,none,303,0,57,PT1M8S,hd,false,True,{},{},388000
Mm72geKWiVw,Celibataire Polygame,TKS 2G - Topic,484051,2025-05-14T13:03:58Z,none,9405,0,86,PT2M14S,hd,false,True,{},"{'allowed': ['AE', 'AR', 'AS', 'AT', 'AU', 'AW', 'AZ', 'BA', 'BD', 'BE', 'BG', 'BH', 'BM', 'BO', 'BR', 'BY', 'CA', 'CH', 'CL', 'CO', 'CR', 'CY', 'CZ', 'DE', 'DK', 'DO', 'DZ', 'EC', 'EE', 'EG', 'ES', 'FI', 'FR', 'GB', 'GE', 'GF', 'GH', 'GP', 'GR', 'GT', 'GU', 'HK', 'HN', 'HR', 'HU', 'ID', 'IE', 'IL', 'IN', 'IQ', 'IS', 'IT', 'JM', 'JO', 'JP', 'KE', 'KH', 'KR', 'KW', 'KY', 'KZ', 'LA', 'LB', 'LI', 'LK', 'LT', 'LU', 'LV', 'LY', 'MA', 'MK', 'MP', 'MQ', 'MT', 'MX', 'MY', 'NC', 'NG', 'NI', 'NL', 'NO', 'NP', 'NZ', 'OM', 'PA', 'PE', 'PF', 'PG', 'PH', 'PK', 'PL', 'PR', 'PT', 'PY', 'QA', 'RE', 'RO', 'RS', 'SA', 'SE', 'SG', 'SI', 'SK', 'SN', 'SV', 'TC', 'TH', 'TN', 'TR', 'TW', 'TZ', 'UA', 'UG', 'US', 'UY', 'VE', 'VI', 'VN', 'YE', 'YT', 'ZA', 'ZW']}",9660
lAauYyy3bcY,Chelsea 1-0 Manchester United | HIGHLIGHTS | Premier League 2024/25,Chelsea Football Club,2053761,2025-05-16T23:01:03Z,none,31619,0,1295,PT2M9S,hd,false,True,{},{},5780000
agu22bqGHto,Charli xcx - party 4 u (official video),Charli xcx,5969575,2025-05-15T16:00:04Z,none,248774,0,12836,PT4M57S,hd,false,True,{},"{'blocked': ['BY', 'RU']}",3750000
PegEd85d04Y,Franglish - Candy (Clip Officiel),Franglish,324775,2025-05-15T16:00:20Z,none,5966,0,230,PT2M58S,hd,false,True,{},{},1380000
_MQnZgH0ZmQ,Rihanna - Friend Of Mine (from the Smurfs Movie Soundtrack),RihannaVEVO,6652645,2025-05-16T04:00:06Z,none,81171,0,7831,PT3M29S,hd,true,True,{},"{'allowed': ['AD', 'AE', 'AF', 'AG', 'AI', 'AL', 'AM', 'AO', 'AQ', 'AR', 'AS', 'AT', 'AU', 'AW', 'AX', 'AZ', 'BA', 'BB', 'BD', 'BE', 'BF', 'BG', 'BH', 'BI', 'BJ', 'BL', 'BM', 'BN', 'BO', 'BQ', 'BR', 'BS', 'BT', 'BV', 'BW', 'BZ', 'CA', 'CC', 'CD', 'CF', 'CG', 'CH', 'CI', 'CK', 'CL', 'CM', 'CN', 'CO', 'CR', 'CU', 'CV', 'CW', 'CX', 'CY', 'CZ', 'DE', 'DJ', 'DK', 'DM', 'DO', 'DZ', 'EC', 'EE', 'EG', 'EH', 'ER', 'ES', 'ET', 'FI', 'FJ', 'FK', 'FM', 'FO', 'FR', 'GA', 'GB', 'GD', 'GE', 'GF', 'GG', 'GH', 'GI', 'GL', 'GM', 'GN', 'GP', 'GQ', 'GR', 'GS', 'GT', 'GU', 'GW', 'GY', 'HK', 'HM', 'HN', 'HR', 'HT', 'HU', 'ID', 'IE', 'IL', 'IM', 'IN', 'IQ', 'IR', 'IS', 'IT', 'JE', 'JM', 'JO', 'JP', 'KE', 'KG', 'KH', 'KI', 'KM', 'KN', 'KR', 'KW', 'KY', 'KZ', 'LA', 'LB', 'LC', 'LI', 'LK', 'LR', 'LS', 'LT', 'LU', 'LV', 'LY', 'MA', 'MC', 'MD', 'ME', 'MF', 'MG', 'MH', 'MK', 'ML', 'MM', 'MN', 'MO', 'MP', 'MQ', 'MR', 'MS', 'MT', 'MU', 'MV', 'MW', 'MX', 'MY', 'MZ', 'NA', 'NC', 'NE', 'NF', 'NG', 'NI', 'NL', 'NO', 'NP', 'NR', 'NU', 'NZ', 'OM', 'PA', 'PE', 'PF', 'PG', 'PH', 'PK', 'PL', 'PM', 'PN', 'PR', 'PS', 'PT', 'PW', 'PY', 'QA', 'RE', 'RO', 'RS', 'RW', 'SA', 'SB', 'SC', 'SD', 'SE', 'SG', 'SH', 'SI', 'SJ', 'SK', 'SL', 'SM', 'SN', 'SO', 'SR', 'ST', 'SV', 'SX', 'SY', 'SZ', 'TC', 'TD', 'TF', 'TG', 'TH', 'TJ', 'TK', 'TL', 'TM', 'TN', 'TO', 'TR', 'TT', 'TV', 'TW', 'TZ', 'UA', 'UG', 'UM', 'US', 'UY', 'UZ', 'VA', 'VC', 'VE', 'VG', 'VI', 'VN', 'VU', 'WF', 'WS', 'YE', 'YT', 'ZA', 'ZM', 'ZW']}",24800000
Eh_73KVaQBk,CRAZYTOWN SAISON 3,Mastu Gear 2,111696,2025-05-15T18:20:55Z,none,16114,0,907,PT1M12S,hd,false,True,{},{},1290000
QYHdQkrvbzA,Tu Perds ton Temps ? Voici comment le reprendre en 60 min/jour,FabienOlicard,154488,2025-05-15T16:00:50Z,none,10249,0,349,PT16M2S,hd,false,True,{},{},2240000
kIpS7emHexE,Mon MERCATO IDEAL pour le BARCA (2025-2026),Alex de Castro,137164,2025-05-15T15:00:45Z,none,7362,0,423,PT21M35S,hd,false,True,{},{},209000
nGPyxLN_3qw,J'ai Test√© 30 Objets du Futur ! (Arnaque ou Pas ?),FastGoodCuisine,700659,2025-05-16T16:18:02Z,none,19177,0,920,PT25M40S,hd,false,True,{},{},6370000
NaZznqme2hg,Alex Warren - Ordinary (Wedding Version) [Official Music Video],Alex Warren,2524564,2025-05-14T21:14:15Z,none,47710,0,891,PT3M8S,hd,false,False,{},"{'blocked': ['BY', 'RU']}",3130000
8YpvNMqMlXU,"LES FLAMMES, la c√©r√©monie des cultures populaires | LIVE 2025",Booska-P,1308390,2025-05-13T22:57:12Z,none,31258,0,951,PT3H17M30S,hd,false,False,{},"{'blocked': ['BY', 'RU']}",2240000
JKXYAWruyQo,Mig - Elle 2.0 (Clip Officiel),MIG,509585,2025-05-14T15:00:02Z,none,9875,0,298,PT2M24S,hd,false,False,{},"{'blocked': ['BY', 'RU']}",337000
wveDUnZJAZQ,On a p√™ch√© √† l'aimant √† New-York pendant 24h non-stop ! (y'a pleins de trucs),Fuze III,579034,2025-05-14T16:12:02Z,none,22894,0,1438,PT26M1S,hd,false,True,{},{},3030000
4ff3VaJWv6M,2 min pour retenir la recette de la tarte aux citrons et la cuisiner pour Nina M√©tayer,Mcfly et Carlito,1384806,2025-05-15T15:45:58Z,none,75272,0,1171,PT36M26S,hd,false,True,{},{},7530000
eOlc9GXRmy0,L‚Äôalcool s‚Äô√©vapore-t-il vraiment √† la cuisson ?,Scilabus,186523,2025-05-15T16:30:25Z,none,12053,0,1350,PT14M52S,hd,false,True,{},{},555000
kEB1EAHHV5k,Pourquoi je cherche tant l'amour des autres ?,Juliette Katz,64316,2025-05-15T16:30:15Z,none,2961,0,238,PT26M10S,hd,false,True,{},{},373000
85-bGNXkd34,Le Retour Du Roi... anim√© ? ft. Fred (JDG) HARD CORNER @joueurdugrenier,benzaieTV,310757,2025-05-14T19:30:07Z,none,20615,0,893,PT28M2S,hd,false,True,{},{},711000
U5Su1zGfZRc,La meilleure m√©thode pour planter les tomates... Et on d√©couvre le Cornus kousa,permaculture agro√©cologie etc...,40621,2025-05-16T09:03:05Z,none,2479,0,133,PT8M52S,hd,false,False,{},{},470000
5BEHdU9M1io,Une vid√©o montre pour la premi√®re fois un glissement de faille provoqu√© par un s√©isme,Le Parisien,1216600,2025-05-15T17:35:23Z,none,11311,0,658,PT3M52S,hd,false,True,{},{},1820000
lcZxtcX0luQ,Le pr√©sident Macron r√©pond √† ma question sur TF1 !!,Tibo InShape Entrainement,152582,2025-05-15T16:01:15Z,none,10628,0,967,PT10M43S,hd,false,True,{},{},3220000
-cISCD9OHlI,YORSSY - MILLI (Clip Officiel),YORSSY,579372,2025-05-14T16:13:52Z,none,13149,0,592,PT3M27S,hd,false,False,{},{},153000
EG79G4Tn3pM,"R√©sum√© : Barcelone CHAMPION, Yamal R√âGALE contre l'Espanyol dans le derby !",beIN SPORTS France,698377,2025-05-15T21:44:24Z,none,12151,0,757,PT10M58S,hd,false,True,{},"{'allowed': ['BL', 'FR', 'GF', 'GP', 'MF', 'MQ', 'NC', 'PF', 'PM', 'RE', 'TF', 'WF', 'YT']}",2600000
aq6-Kfxr4Jc,ON TESTE DES RECETTES TIKTOK !! (avec dooms ),Emma Graziano,250524,2025-05-14T16:00:13Z,none,25435,0,582,PT17M29S,hd,false,True,{},{},374000
3975x796WBY,De nombreux b√©b√©s phoques vont mourir par ma faute. CHEVROLET TAHOE - RENOVATION Episode 1,Smells Like GASOLINE,213621,2025-05-14T16:01:23Z,none,15598,0,773,PT38M39S,hd,true,True,{},{},377000
Nhc_Y3is1zU,SONY : Voici Le Nouveau Casque Antibruit XM6 (et il a des arguments !),PP World,74836,2025-05-15T15:59:00Z,none,4085,0,456,PT12M7S,hd,false,True,{},{},430000
Ox8ZLF6cGM0,Superman | Official Trailer | DC,DC,28521230,2025-05-14T15:45:45Z,none,509336,0,30737,PT3M3S,hd,true,False,{},{},4850000
5f1CUznnG_g,DESTIN - LA VRAIE VIE (√âpisode 0),Hassan,719149,2025-05-13T18:00:08Z,none,28012,0,1550,PT27M,hd,false,True,{},{},3600000
rh9eeOKILZ4,ON GO ft. Didi B (Official Visualizer),Zinoleesky,819426,2025-05-15T17:21:49Z,none,34944,0,3634,PT2M58S,hd,false,False,{},{},236000
sOeeAIKh3XM,AZAYA - MES AZAYA BOSS,Azaya Officiel,363702,2025-05-14T09:40:40Z,none,10158,0,1511,PT2M43S,hd,false,True,{},{},393000
1oorgSnpQoM,Les d√©fis de la France : interview sur TF1.,Emmanuel Macron,381492,2025-05-13T21:39:27Z,none,5846,0,2734,PT3H10M11S,hd,false,False,{},{},379000
iMyzyKJ4FIk,Radical üí•,Kery James,240137,2025-05-13T18:29:34Z,none,15403,0,1653,PT3M36S,hd,false,True,{},{},938000
lnI4OJDWFjI,LES FEMMES ONT TROP DE CRIT√àRES !? (micro-trottoir)Ôøº,Hugo Tournier,415598,2025-05-13T19:30:09Z,none,0,0,2334,PT16M23S,hd,false,True,{},{},105000
mdSyw2rrDqg,"Himra performe un medley en live (DADDY, YOROBO DRILL ACTE 3, BANGER) | LES FLAMMES 2025",Les Flammes,1071863,2025-05-13T21:06:22Z,none,56573,0,5143,PT3M38S,hd,false,False,{},{},175000
NMqnfCncR0E,Le jeu o√π vous n'√™tes PAS le joueur.,Hunter Gaming,289825,2025-05-13T19:20:00Z,none,16714,0,643,PT30M32S,hd,false,True,{},{},302000
1nHYZjViSvY,4 ERREURS qui t'emp√™chent de gu√©rir ( arthrose- hernie - tendinite ),Major Mouvement,94930,2025-05-14T16:00:09Z,none,5210,0,184,PT14M21S,hd,false,True,{},{},1460000
9I-HouhJ_CA,Choc ! Vers un √âNORME REBONDISSEMENT entre J.MARTIN et APRILIA ? PECCO a touch√© le FOND ! (MotoGP),100%GP,72352,2025-05-14T16:15:00Z,none,4522,0,552,PT23M58S,hd,false,True,{},{},61600
WpW36ldAqnM,Marvel Television's Ironheart | Official Trailer | Disney+,Marvel Entertainment,8540980,2025-05-14T13:00:29Z,none,206752,0,40841,PT2M47S,hd,true,True,{},{},21500000
UDeJ2qkFYxg,ü™êUne catastrophe a√©rienne majeure √©vit√©e √† 2m pr√®s √† Roissy : l'histoire de Red Nose 4311,AstronoGeek,328415,2025-05-13T14:00:50Z,none,22186,0,1610,PT40M44S,hd,false,True,{},{},948000
D-qY30iPv-E,üë®‚Äçüç≥ Le poisson pan√© revisit√© - On monte le niveau avec des produits simples,Philippe Etchebest,109392,2025-05-14T15:00:31Z,none,3242,0,130,PT16M54S,hd,false,True,{},{},1850000
uhhkRxleZY8,J'AI UNE ANNONCE √Ä VOUS FAIRE,Stelle,123561,2025-05-14T16:30:30Z,none,5325,0,296,PT48M23S,hd,false,True,{},{},199000
LBK4gSKPzWU,Les MEILLEURES IMPROS gard√©es √† l‚Äô√©cran üìú,Cin√©ma Trash,271449,2025-05-13T16:27:18Z,none,12088,0,201,PT14M45S,hd,false,False,{},{},521000
9137LDqH3Dw,JE FAIS LE GP EXPLORER 3,Cocottee_,803668,2025-05-12T15:01:42Z,none,40714,0,670,PT50M22S,hd,false,True,{},{},1080000
ddXnU-PtLt4,ET SI la TERRE √©tait 2 FOIS PLUS GROSSE ?,Science Trash,210036,2025-05-14T15:21:22Z,none,11140,0,368,PT10M43S,hd,false,True,{},{},866000
0x3zro87YfY,J‚ÄôAI FINI DANS UN FOSS√â AVEC MA M4 üò≠,Philippe Cantenot,117946,2025-05-14T09:45:00Z,none,5948,0,201,PT17M49S,hd,false,True,{},{},933000
ZvZ6ek8rGxQ,Confession,Myl√®ne Farmer - Topic,86901,2025-05-13T18:00:29Z,none,4077,0,569,PT2M47S,hd,false,True,{},"{'allowed': ['AE', 'AR', 'AS', 'AT', 'AU', 'AW', 'AZ', 'BA', 'BD', 'BE', 'BG', 'BH', 'BM', 'BO', 'BR', 'BY', 'CA', 'CH', 'CL', 'CO', 'CR', 'CY', 'CZ', 'DE', 'DK', 'DO', 'DZ', 'EC', 'EE', 'EG', 'ES', 'FI', 'FR', 'GB', 'GE', 'GF', 'GH', 'GP', 'GR', 'GT', 'GU', 'HK', 'HN', 'HR', 'HU', 'ID', 'IE', 'IL', 'IN', 'IQ', 'IS', 'IT', 'JM', 'JO', 'JP', 'KE', 'KH', 'KR', 'KW', 'KY', 'KZ', 'LA', 'LB', 'LI', 'LK', 'LT', 'LU', 'LV', 'LY', 'MA', 'MK', 'MP', 'MQ', 'MT', 'MX', 'MY', 'NC', 'NG', 'NI', 'NL', 'NO', 'NP', 'NZ', 'OM', 'PA', 'PE', 'PF', 'PG', 'PH', 'PK', 'PL', 'PR', 'PT', 'PY', 'QA', 'RE', 'RO', 'RS', 'SA', 'SE', 'SG', 'SI', 'SK', 'SN', 'SV', 'TC', 'TH', 'TN', 'TR', 'TW', 'TZ', 'UA', 'UG', 'US', 'UY', 'VE', 'VI', 'VN', 'YE', 'YT', 'ZA', 'ZW']}",8420
Ok8C39o2k7w,La v√©ritable histoire de Bachar al-Assad,Gaspard G,517928,2025-05-12T16:34:05Z,none,18120,0,474,PT36M38S,hd,false,True,{},{},1310000
GArRiMF6URg,Michel Fugain & Michel Sardou : les retrouvailles ! - On n'est pas couch√© 17 janvier 2009 #ONPC,On n'est pas couch√©,792945,2025-05-12T17:00:26Z,none,1573,0,227,PT8M52S,sd,false,True,{},{},769000
-_UKBU8tOz0,Le mensonge de l'ENTREPRENEURIAT sur les r√©seaux sociaux,Amistory,519056,2025-05-12T15:10:36Z,none,19888,0,2616,PT42M10S,hd,false,True,{},{},288000
mjxYv19HGrw,Le hacker ‚Äú√©thique‚Äù qui a bern√© tous les m√©dias fran√ßais (Florent Curtet),Underscore_,441884,2025-05-12T13:46:27Z,none,9405,0,817,PT32M24S,hd,false,True,{},{},832000
oxIYLasWgKE,Damiano David - Angel (Official Visual Video),DamianoDavidVEVO,397647,2025-05-15T23:00:46Z,none,18946,0,770,PT2M43S,hd,false,True,{},"{'allowed': ['AD', 'AE', 'AF', 'AG', 'AI', 'AL', 'AM', 'AO', 'AQ', 'AR', 'AS', 'AT', 'AU', 'AW', 'AX', 'AZ', 'BA', 'BB', 'BD', 'BE', 'BF', 'BG', 'BH', 'BI', 'BJ', 'BL', 'BM', 'BN', 'BO', 'BQ', 'BR', 'BS', 'BT', 'BV', 'BW', 'BY', 'BZ', 'CA', 'CC', 'CD', 'CF', 'CG', 'CH', 'CI', 'CK', 'CL', 'CM', 'CN', 'CO', 'CR', 'CU', 'CV', 'CW', 'CX', 'CY', 'CZ', 'DE', 'DJ', 'DK', 'DM', 'DO', 'DZ', 'EC', 'EE', 'EG', 'EH', 'ER', 'ES', 'ET', 'FI', 'FJ', 'FK', 'FM', 'FO', 'FR', 'GA', 'GB', 'GD', 'GE', 'GF', 'GG', 'GH', 'GI', 'GL', 'GM', 'GN', 'GP', 'GQ', 'GR', 'GS', 'GT', 'GU', 'GW', 'GY', 'HK', 'HM', 'HN', 'HR', 'HT', 'HU', 'ID', 'IE', 'IL', 'IM', 'IN', 'IO', 'IQ', 'IR', 'IS', 'IT', 'JE', 'JM', 'JO', 'JP', 'KE', 'KG', 'KH', 'KI', 'KM', 'KN', 'KP', 'KR', 'KW', 'KY', 'KZ', 'LA', 'LB', 'LC', 'LI', 'LK', 'LR', 'LS', 'LT', 'LU', 'LV', 'LY', 'MA', 'MC', 'MD', 'ME', 'MF', 'MG', 'MH', 'MK', 'ML', 'MM', 'MN', 'MO', 'MP', 'MQ', 'MR', 'MS', 'MT', 'MU', 'MV', 'MW', 'MX', 'MY', 'MZ', 'NA', 'NC', 'NE', 'NF', 'NG', 'NI', 'NL', 'NO', 'NP', 'NR', 'NU', 'NZ', 'OM', 'PA', 'PE', 'PF', 'PG', 'PH', 'PK', 'PL', 'PM', 'PN', 'PR', 'PS', 'PT', 'PW', 'PY', 'QA', 'RE', 'RO', 'RS', 'RW', 'SA', 'SB', 'SC', 'SD', 'SE', 'SG', 'SH', 'SI', 'SJ', 'SK', 'SL', 'SM', 'SN', 'SO', 'SR', 'SS', 'ST', 'SV', 'SX', 'SY', 'SZ', 'TC', 'TD', 'TF', 'TG', 'TH', 'TJ', 'TK', 'TL', 'TM', 'TN', 'TO', 'TR', 'TT', 'TV', 'TW', 'TZ', 'UA', 'UG', 'UM', 'US', 'UY', 'UZ', 'VA', 'VC', 'VE', 'VG', 'VI', 'VN', 'VU', 'WF', 'WS', 'YE', 'YT', 'ZA', 'ZM', 'ZW']}",6210
C4k2_1IT30o,Ril√®s - SURVIVAL LIVE SESSION (part 1),Ril√®s,295128,2025-05-12T18:01:55Z,none,18174,0,907,PT12M19S,hd,false,True,{},{},1980000
cTVrg9Aq-Tc,Ziak - Manuel de vengeance (Prod. Focus Beatz),Ziak C.C,437110,2025-05-12T15:00:05Z,none,15192,0,1164,PT1M49S,hd,false,False,{},"{'blocked': ['BY', 'RU']}",950000
4L_L-yr7oJc,"Tendue, l‚Äôaudition de Bayrou sur B√©tharram a vir√© au bazar √† cause d‚Äôune vid√©o",LeHuffPost,303831,2025-05-14T17:31:21Z,none,2631,0,1219,PT3M35S,hd,false,True,{},{},1450000
7ZmvmjM_5tg,GP EXPLORER 3 : C'EST REPARTI POUR UN TOUR !,GOTAGA,1413699,2025-05-11T07:00:15Z,none,72855,0,538,PT31M53S,hd,false,True,{},{},4350000
zdASdqJmmF8,5 inventeurs qui sont morts de leurs inventions,Nota Bene,486216,2025-05-12T10:01:38Z,none,20954,0,740,PT16M13S,hd,true,True,{},{},2590000
Rfyn7zR0oAs,"Standing ovation pour Robert De Niro, Palme d'Or d'Honneur √† #Cannes2025",france tv,209583,2025-05-13T20:30:05Z,none,2732,0,468,PT7M24S,hd,false,True,{},"{'allowed': ['BL', 'FR', 'GF', 'GP', 'MF', 'MQ', 'PF', 'PM', 'RE', 'TF', 'WF', 'YT']}",464000
iIy7oZ9Fhck,DEVINE QUI MENT ? (3 anecdotes 1 menteur),MichouOff,369886,2025-05-14T11:01:13Z,none,17274,0,570,PT31M4S,hd,false,True,{},{},5370000
sTE4NUp5e4I,"R√©sum√© UFC 315 : Saint Denis vs Prepolec, le Fran√ßais s'est-il relev√© ?",RMCSport,783971,2025-05-11T03:36:21Z,none,0,0,1857,PT8M8S,hd,false,True,{},"{'allowed': ['AD', 'BL', 'FR', 'GF', 'GP', 'LU', 'MC', 'MF', 'MQ', 'MU', 'NC', 'PF', 'PM', 'RE', 'TF', 'WF', 'YT']}",1620000
bY0tH3-kmG0,J‚Äôai surv√©cu √† l‚Äôun des sommets les plus mortels des Alpes ! (1 an apr√®s l‚ÄôEverest),Inoxtag,3536221,2025-05-10T12:30:42Z,none,195200,0,3873,PT40M6S,hd,false,True,{},{},9040000
UKetKaKtq9g,"Mbapp√© POSE d√©j√† PROBL√àME √† Xabi Alonso, Jonathan David ANNONCE son D√âPART | JT Foot Mercato",Foot Mercato,236637,2025-05-14T16:14:51Z,none,7364,0,204,PT8M46S,hd,false,True,{},{},1930000
-5X2pt95cIo,Nobody 2 | Official Trailer,Universal Pictures,16591688,2025-05-13T15:00:21Z,none,166809,0,8743,PT2M54S,hd,true,True,{},{},10100000
4VlKyWbqYlA,chihiro.m4a (CHIHIRO Mid-Writing Process),Billie Eilish,351790,2025-05-13T19:01:01Z,none,56482,0,3191,PT1M7S,hd,false,False,{},"{'blocked': ['BY', 'RU']}",55700000
jXMkjnPlWJ8,ON R√âAGIT AUX PIRES RECETTES DE CUISINE ! #10,Wankil Studio - Laink et Terracid,888803,2025-05-11T12:01:14Z,none,55021,0,584,PT15M33S,hd,false,True,{},{},2690000
UVUod-KW8W0,[EXCLU] Niaks - Morveux #Plan√®teRap,Plan√®te Rap,138085,2025-05-13T16:00:51Z,none,1578,0,37,PT2M51S,hd,false,True,{},{},603000
Az2WhK6yIxs,Squeezie : l'une de ses rares interviews √† la t√©l√©vision ‚Äì 20h30 le dimanche,france tv,233069,2025-05-12T11:18:53Z,none,7624,0,361,PT13M33S,hd,false,True,{},"{'allowed': ['BL', 'FR', 'GF', 'GP', 'MF', 'MQ', 'PF', 'PM', 'RE', 'TF', 'WF', 'YT']}",464000
YW8Efy97vQY,Le Real Madrid LANCE sa R√âVOLUTION,Foot Mercato FC,232991,2025-05-12T14:12:48Z,none,5797,0,281,PT9M4S,hd,false,True,{},{},136000
5idCyQkCdLw,7 des PIRES PAPES de L'HISTOIRE !,Doc Seven,493753,2025-05-11T15:00:17Z,none,15465,0,616,PT13M36S,hd,false,True,{},{},2290000
Gi8PLePW0f4,Damiano David - FUNNY little STORIES,DamianoDavidVEVO,543758,2025-05-14T17:00:16Z,none,31272,0,1360,PT7M50S,hd,false,True,{},"{'allowed': ['AD', 'AE', 'AF', 'AG', 'AI', 'AL', 'AM', 'AO', 'AQ', 'AR', 'AS', 'AT', 'AU', 'AW', 'AX', 'AZ', 'BA', 'BB', 'BD', 'BE', 'BF', 'BG', 'BH', 'BI', 'BJ', 'BL', 'BM', 'BN', 'BO', 'BQ', 'BR', 'BS', 'BT', 'BV', 'BW', 'BY', 'BZ', 'CA', 'CC', 'CD', 'CF', 'CG', 'CH', 'CI', 'CK', 'CL', 'CM', 'CN', 'CO', 'CR', 'CU', 'CV', 'CW', 'CX', 'CY', 'CZ', 'DE', 'DJ', 'DK', 'DM', 'DO', 'DZ', 'EC', 'EE', 'EG', 'EH', 'ER', 'ES', 'ET', 'FI', 'FJ', 'FK', 'FM', 'FO', 'FR', 'GA', 'GB', 'GD', 'GE', 'GF', 'GG', 'GH', 'GI', 'GL', 'GM', 'GN', 'GP', 'GQ', 'GR', 'GS', 'GT', 'GU', 'GW', 'GY', 'HK', 'HM', 'HN', 'HR', 'HT', 'HU', 'ID', 'IE', 'IL', 'IM', 'IN', 'IO', 'IQ', 'IR', 'IS', 'IT', 'JE', 'JM', 'JO', 'JP', 'KE', 'KG', 'KH', 'KI', 'KM', 'KN', 'KP', 'KR', 'KW', 'KY', 'KZ', 'LA', 'LB', 'LC', 'LI', 'LK', 'LR', 'LS', 'LT', 'LU', 'LV', 'LY', 'MA', 'MC', 'MD', 'ME', 'MF', 'MG', 'MH', 'MK', 'ML', 'MM', 'MN', 'MO', 'MP', 'MQ', 'MR', 'MS', 'MT', 'MU', 'MV', 'MW', 'MX', 'MY', 'MZ', 'NA', 'NC', 'NE', 'NF', 'NG', 'NI', 'NL', 'NO', 'NP', 'NR', 'NU', 'NZ', 'OM', 'PA', 'PE', 'PF', 'PG', 'PH', 'PK', 'PL', 'PM', 'PN', 'PR', 'PS', 'PT', 'PW', 'PY', 'QA', 'RE', 'RO', 'RS', 'RW', 'SA', 'SB', 'SC', 'SD', 'SE', 'SG', 'SH', 'SI', 'SJ', 'SK', 'SL', 'SM', 'SN', 'SO', 'SR', 'SS', 'ST', 'SV', 'SX', 'SY', 'SZ', 'TC', 'TD', 'TF', 'TG', 'TH', 'TJ', 'TK', 'TL', 'TM', 'TN', 'TO', 'TR', 'TT', 'TV', 'TW', 'TZ', 'UA', 'UG', 'UM', 'US', 'UY', 'UZ', 'VA', 'VC', 'VE', 'VG', 'VI', 'VN', 'VU', 'WF', 'WS', 'YE', 'YT', 'ZA', 'ZM', 'ZW']}",6210
